week,weekorder,date,ReportingLaboratory,test_sarscov2,pos_sarscov2,test_flu,pos_flu,pos_flua_h1,pos_flua_h3,pos_flua_uns,pos_flua,pos_flub,test_rsv,pos_rsv,test_hpiv,pos_hpiv_1,pos_hpiv_2,pos_hpiv_3,pos_hpiv_4,pos_hpiv_other,test_adv,pos_adv,test_hmpv,pos_hmpv,test_evrv,pos_evrv,test_hcov,pos_hcov
35,1,2025-08-30,Newfoundland and Labrador,229,23,210,1,0,0,0,0,1,210,1,210,0,2,5,4,0,210,2,210,2,210,23,210,0
35,1,2025-08-30,Prince Edward Island,33,5,7,0,0,0,0,0,0,7,0,3,0,0,0,0,0,3,0,3,0,3,1,3,0
35,1,2025-08-30,Nova Scotia,587,61,592,2,0,0,1,1,1,592,0,23,0,0,0,0,0,23,1,23,0,23,3,23,0
35,1,2025-08-30,New Brunswick,472,18,330,1,0,0,1,1,0,321,0,70,0,0,0,0,0,70,2,70,3,70,9,70,0
35,1,2025-08-30,Atlantic,1321,107,1139,4,0,0,2,2,2,1130,1,306,0,2,5,4,0,306,5,306,5,306,36,306,0
35,1,2025-08-30,Quebec,5781,466,4108,18,0,0,13,13,5,3662,12,834,7,1,7,1,0,845,15,834,1,929,110,834,1
35,1,2025-08-30,Ontario,6480,394,5716,23,8,3,10,21,2,5798,6,3456,0,0,0,0,89,3148,24,3409,18,3522,278,2950,5
35,1,2025-08-30,Manitoba,608,35,635,2,0,0,2,2,0,635,0,36,1,0,0,0,0,36,0,36,0,36,3,36,0
35,1,2025-08-30,Saskatchewan,604,37,560,2,0,0,2,2,0,535,0,230,0,0,4,1,0,230,2,230,0,230,35,230,0
35,1,2025-08-30,Alberta,3402,190,1359,13,9,4,0,13,0,1338,4,1338,8,4,8,5,0,1338,6,1338,2,1338,171,1338,3
35,1,2025-08-30,Prairies,4614,262,2554,17,9,4,4,17,0,2508,4,1604,9,4,12,6,0,1604,8,1604,2,1604,209,1604,3
35,1,2025-08-30,British Columbia,2165,225,2392,29,21,3,1,29,0,2392,14,665,4,1,8,4,1,686,10,665,6,688,99,656,1
35,1,2025-08-30,Yukon,30,0,18,2,2,0,0,2,0,18,0,N/A,N/A,N/A,N/A,N/A,N/A,N/A,N/A,N/A,N/A,N/A,N/A,N/A,N/A
35,1,2025-08-30,Northwest Territories,29,2,29,0,0,0,0,0,0,29,0,N/A,N/A,N/A,N/A,N/A,N/A,29,0,29,0,29,11,N/A,N/A
35,1,2025-08-30,Nunavut,91,2,91,1,1,0,0,1,0,91,0,N/A,N/A,N/A,N/A,N/A,N/A,N/A,N/A,N/A,N/A,N/A,N/A,N/A,N/A
35,1,2025-08-30,Territories,150,4,138,3,3,0,0,3,0,138,0,N/A,N/A,N/A,N/A,N/A,N/A,29,0,29,0,29,11,N/A,N/A
35,1,2025-08-30,Canada,20511,1458,16047,94,41,10,30,85,9,15628,37,6865,20,8,32,15,90,6618,62,6847,32,7078,743,6350,10
36,2,2025-09-06,Newfoundland and Labrador,247,37,208,0,0,0,0,0,0,208,1,208,0,0,8,4,0,208,3,208,2,208,22,208,0
36,2,2025-09-06,Prince Edward Island,19,2,5,0,0,0,0,0,0,5,0,3,0,0,0,0,0,3,0,3,0,3,3,3,0
36,2,2025-09-06,Nova Scotia,568,52,583,1,0,0,1,1,0,583,1,31,0,0,0,0,0,31,0,31,0,31,5,31,0
36,2,2025-09-06,New Brunswick,511,29,355,1,0,1,0,1,0,350,0,80,0,1,0,3,0,80,2,80,0,80,14,80,1
36,2,2025-09-06,Atlantic,1345,120,1151,2,0,1,1,2,0,1146,2,322,0,1,8,7,0,322,5,322,2,322,44,322,1
36,2,2025-09-06,Quebec,6280,609,4340,13,0,0,10,10,3,3818,10,873,7,1,2,3,0,890,20,873,3,957,144,873,1
36,2,2025-09-06,Ontario,6994,611,6201,30,7,10,13,30,0,6257,8,3743,0,0,0,0,79,3443,13,3731,18,3837,361,3232,9
36,2,2025-09-06,Manitoba,671,35,645,0,0,0,0,0,0,645,0,54,0,0,0,0,0,54,2,54,0,54,14,54,0
36,2,2025-09-06,Saskatchewan,682,34,635,5,0,3,1,4,1,609,2,281,0,1,1,0,0,281,3,281,0,281,36,281,0
36,2,2025-09-06,Alberta,3200,185,1303,13,6,6,1,13,0,1266,3,1266,5,2,11,6,0,1266,4,1266,4,1266,166,1266,6
36,2,2025-09-06,Prairies,4553,254,2583,18,6,9,2,17,1,2520,5,1601,5,3,12,6,0,1601,9,1601,4,1601,216,1601,6
36,2,2025-09-06,British Columbia,2242,264,2531,37,21,3,1,36,1,2531,14,688,4,2,6,2,0,703,6,688,7,723,75,680,2
36,2,2025-09-06,Yukon,32,2,19,0,0,0,0,0,0,19,0,N/A,N/A,N/A,N/A,N/A,N/A,N/A,N/A,N/A,N/A,N/A,N/A,N/A,N/A
36,2,2025-09-06,Northwest Territories,33,2,33,1,1,0,0,1,0,33,0,N/A,N/A,N/A,N/A,N/A,N/A,33,1,33,0,33,13,N/A,N/A
36,2,2025-09-06,Nunavut,70,1,70,0,0,0,0,0,0,70,0,N/A,N/A,N/A,N/A,N/A,N/A,N/A,N/A,N/A,N/A,N/A,N/A,N/A,N/A
36,2,2025-09-06,Territories,135,5,122,1,1,0,0,1,0,122,0,N/A,N/A,N/A,N/A,N/A,N/A,33,1,33,0,33,13,N/A,N/A
36,2,2025-09-06,Canada,21549,1863,16928,101,35,23,27,96,5,16394,39,7227,16,7,28,18,79,6992,54,7248,34,7473,853,6708,19
37,3,2025-09-13,Newfoundland and Labrador,278,31,241,1,0,0,1,1,0,241,2,241,0,2,7,7,0,241,3,241,1,241,28,241,0
37,3,2025-09-13,Prince Edward Island,42,5,19,0,0,0,0,0,0,19,0,6,0,0,0,0,0,6,0,6,0,6,1,6,0
37,3,2025-09-13,Nova Scotia,676,59,683,2,0,0,2,2,0,683,2,18,0,0,0,0,0,18,0,18,0,18,3,18,0
37,3,2025-09-13,New Brunswick,535,25,369,1,0,0,1,1,0,370,0,86,0,0,0,0,0,86,1,86,1,86,24,86,0
37,3,2025-09-13,Atlantic,1531,120,1312,4,0,0,4,4,0,1313,4,351,0,2,7,7,0,351,4,351,2,351,56,351,0
37,3,2025-09-13,Quebec,6783,736,4805,8,0,0,6,6,2,4190,13,888,5,5,3,2,0,900,17,889,1,984,164,887,7
37,3,2025-09-13,Ontario,7616,712,6839,32,5,4,20,29,3,6913,9,4192,0,0,0,0,92,3895,12,4131,32,4262,540,3645,9
37,3,2025-09-13,Manitoba,869,106,787,1,0,0,0,0,1,787,0,83,0,0,0,0,0,83,0,83,0,83,23,83,0
37,3,2025-09-13,Saskatchewan,841,77,791,4,1,0,1,2,2,739,3,349,2,1,5,0,0,349,2,349,1,349,74,349,1
37,3,2025-09-13,Alberta,3581,209,1495,17,11,3,3,17,0,1447,4,1447,5,4,13,8,0,1447,6,1447,4,1447,247,1447,1
37,3,2025-09-13,Prairies,5291,392,3073,22,12,3,4,19,3,2973,7,1879,7,5,18,8,0,1879,8,1879,5,1879,344,1879,2
37,3,2025-09-13,British Columbia,2382,277,2689,37,20,5,1,37,0,2689,14,735,9,2,3,3,0,761,3,735,5,751,104,723,2
37,3,2025-09-13,Yukon,37,4,34,0,0,0,0,0,0,34,0,N/A,N/A,N/A,N/A,N/A,N/A,N/A,N/A,N/A,N/A,N/A,N/A,N/A,N/A
37,3,2025-09-13,Northwest Territories,40,3,40,1,1,0,0,1,0,40,0,N/A,N/A,N/A,N/A,N/A,N/A,40,0,40,0,40,17,N/A,N/A
37,3,2025-09-13,Nunavut,96,3,96,0,0,0,0,0,0,96,0,N/A,N/A,N/A,N/A,N/A,N/A,N/A,N/A,N/A,N/A,N/A,N/A,N/A,N/A
37,3,2025-09-13,Territories,173,10,170,1,1,0,0,1,0,170,0,N/A,N/A,N/A,N/A,N/A,N/A,40,0,40,0,40,17,N/A,N/A
37,3,2025-09-13,Canada,23776,2247,18888,104,38,12,35,96,8,18248,47,8045,21,14,31,20,92,7826,44,8025,45,8267,1225,7485,20
38,4,2025-09-20,Newfoundland and Labrador,289,36,241,0,0,0,0,0,0,241,5,241,0,1,1,4,0,241,2,241,1,241,36,241,0
38,4,2025-09-20,Prince Edward Island,33,4,11,0,0,0,0,0,0,11,0,5,0,0,0,0,0,5,0,5,0,5,3,5,0
38,4,2025-09-20,Nova Scotia,766,97,775,1,0,0,1,1,0,775,1,21,0,0,0,0,0,21,0,21,0,21,2,21,0
38,4,2025-09-20,New Brunswick,604,27,425,0,0,0,0,0,0,425,0,93,0,0,0,0,0,93,2,93,1,93,31,93,0
38,4,2025-09-20,Atlantic,1692,164,1452,1,0,0,1,1,0,1452,6,360,0,1,1,4,0,360,4,360,2,360,72,360,0
38,4,2025-09-20,Quebec,8259,1057,5594,19,0,0,16,16,3,4855,9,1029,6,1,5,0,0,1049,32,1029,2,1136,223,1023,3
38,4,2025-09-20,Ontario,8531,828,7539,39,11,14,12,37,2,7658,19,4510,0,0,0,0,112,4181,11,4419,16,4596,813,3903,13
38,4,2025-09-20,Manitoba,945,96,869,0,0,0,0,0,0,869,0,78,1,1,1,0,0,78,4,78,0,78,22,78,0
38,4,2025-09-20,Saskatchewan,935,75,895,11,2,1,6,9,2,849,1,389,2,0,3,0,0,389,3,389,0,389,79,389,0
38,4,2025-09-20,Alberta,3726,249,1577,10,4,5,1,10,0,1531,3,1531,7,1,4,3,0,1531,5,1531,3,1531,344,1531,1
38,4,2025-09-20,Prairies,5606,420,3341,21,6,6,7,19,2,3249,4,1998,10,2,8,3,0,1998,12,1998,3,1998,445,1998,1
38,4,2025-09-20,British Columbia,2722,294,3086,31,21,4,1,31,0,3086,16,883,2,2,4,2,0,909,8,883,1,902,215,874,1
38,4,2025-09-20,Yukon,22,1,23,0,0,0,0,0,0,23,0,N/A,N/A,N/A,N/A,N/A,N/A,N/A,N/A,N/A,N/A,N/A,N/A,N/A,N/A
38,4,2025-09-20,Northwest Territories,44,1,44,3,3,0,0,3,0,44,0,N/A,N/A,N/A,N/A,N/A,N/A,44,1,44,0,44,15,N/A,N/A
38,4,2025-09-20,Nunavut,94,2,94,0,0,0,0,0,0,94,0,N/A,N/A,N/A,N/A,N/A,N/A,N/A,N/A,N/A,N/A,N/A,N/A,N/A,N/A
38,4,2025-09-20,Territories,160,4,161,3,3,0,0,3,0,161,0,N/A,N/A,N/A,N/A,N/A,N/A,44,1,44,0,44,15,N/A,N/A
38,4,2025-09-20,Canada,26970,2767,21173,114,41,24,37,107,7,20461,54,8780,18,6,18,9,112,8541,68,8733,24,9036,1783,8158,18
39,5,2025-09-27,Newfoundland and Labrador,363,52,291,1,0,0,1,1,0,291,2,291,1,2,0,6,0,291,3,291,1,291,46,291,2
39,5,2025-09-27,Prince Edward Island,70,14,14,1,0,0,1,1,0,14,0,8,1,0,0,0,0,8,1,8,0,8,3,8,0
39,5,2025-09-27,Nova Scotia,839,103,856,2,0,0,2,2,0,856,0,33,0,0,0,0,0,33,1,33,0,33,12,33,0
39,5,2025-09-27,New Brunswick,611,29,443,1,1,0,0,1,0,441,1,98,1,0,0,0,1,98,3,98,0,98,29,98,0
39,5,2025-09-27,Atlantic,1883,198,1604,5,1,0,4,5,0,1602,3,430,3,2,0,6,1,430,8,430,1,430,90,430,2
39,5,2025-09-27,Quebec,9483,1363,6453,24,0,0,19,19,5,5506,17,1075,6,3,4,4,0,1084,34,1075,4,1157,286,1070,2
39,5,2025-09-27,Ontario,8823,766,7802,32,5,8,18,31,1,7890,18,4579,0,0,0,0,85,4216,17,4521,19,4686,967,3908,11
39,5,2025-09-27,Manitoba,1167,132,1070,2,0,0,2,2,0,1070,1,90,2,0,0,0,0,90,0,90,0,90,35,90,0
39,5,2025-09-27,Saskatchewan,1036,93,1005,2,1,1,0,2,0,956,2,448,1,1,0,1,0,448,3,448,1,448,93,448,0
39,5,2025-09-27,Alberta,4060,238,1699,10,4,5,1,10,0,1629,7,1629,5,6,7,3,0,1629,6,1629,0,1627,388,1629,0
39,5,2025-09-27,Prairies,6263,463,3774,14,5,6,3,14,0,3655,10,2167,8,7,7,4,0,2167,9,2167,1,2165,516,2167,0
39,5,2025-09-27,British Columbia,2770,284,3079,53,29,5,3,53,0,3079,18,810,7,10,4,3,0,834,7,810,4,838,217,799,2
39,5,2025-09-27,Yukon,30,2,26,0,0,0,0,0,0,26,0,N/A,N/A,N/A,N/A,N/A,N/A,N/A,N/A,N/A,N/A,N/A,N/A,N/A,N/A
39,5,2025-09-27,Northwest Territories,41,4,41,0,0,0,0,0,0,41,0,N/A,N/A,N/A,N/A,N/A,N/A,41,0,41,0,41,17,N/A,N/A
39,5,2025-09-27,Nunavut,71,5,71,1,0,0,1,1,0,71,0,N/A,N/A,N/A,N/A,N/A,N/A,N/A,N/A,N/A,N/A,N/A,N/A,N/A,N/A
39,5,2025-09-27,Territories,142,11,138,1,0,0,1,1,0,138,0,N/A,N/A,N/A,N/A,N/A,N/A,41,0,41,0,41,17,N/A,N/A
39,5,2025-09-27,Canada,29364,3085,22850,129,40,19,48,123,6,21870,66,9061,24,22,15,17,86,8772,75,9044,29,9317,2093,8374,17
40,6,2025-10-04,Newfoundland and Labrador,444,73,401,0,0,0,0,0,0,401,3,401,0,2,2,1,0,401,7,401,1,401,60,401,3
40,6,2025-10-04,Prince Edward Island,132,27,60,0,0,0,0,0,0,60,0,13,0,0,0,0,0,13,0,13,0,13,7,13,0
40,6,2025-10-04,Nova Scotia,1083,140,1097,5,0,0,5,5,0,1097,0,40,3,1,0,0,0,40,0,40,0,40,15,40,0
40,6,2025-10-04,New Brunswick,626,34,481,2,1,0,1,2,0,479,2,83,1,1,0,0,1,83,2,83,0,83,33,83,0
40,6,2025-10-04,Atlantic,2285,274,2039,7,1,0,6,7,0,2037,5,537,4,4,2,1,1,537,9,537,1,537,115,537,3
40,6,2025-10-04,Quebec,9633,1201,6769,34,0,0,32,32,2,5874,23,1164,9,1,3,3,0,1176,27,1164,1,1265,285,1157,4
40,6,2025-10-04,Ontario,8656,584,7855,35,9,4,19,32,3,7963,27,4393,0,0,0,0,99,3995,20,4371,11,4509,870,3720,14
40,6,2025-10-04,Manitoba,1146,119,1069,2,1,0,1,2,0,1069,0,94,0,0,0,0,0,94,3,94,0,94,23,94,0
40,6,2025-10-04,Saskatchewan,1004,76,968,4,2,0,2,4,0,924,5,392,2,1,0,3,0,392,1,392,3,392,89,392,1
40,6,2025-10-04,Alberta,4178,207,2488,27,15,10,2,27,0,2385,8,1557,11,5,5,10,0,1557,4,1557,1,1557,371,1557,2
40,6,2025-10-04,Prairies,6328,402,4525,33,18,10,5,33,0,4378,13,2043,13,6,5,13,0,2043,8,2043,4,2043,483,2043,3
40,6,2025-10-04,British Columbia,2906,308,3180,48,30,6,2,48,0,3180,21,798,1,3,2,7,0,821,8,798,2,824,223,784,0
40,6,2025-10-04,Yukon,30,1,22,2,2,0,0,2,0,22,0,N/A,N/A,N/A,N/A,N/A,N/A,N/A,N/A,N/A,N/A,N/A,N/A,N/A,N/A
40,6,2025-10-04,Northwest Territories,20,1,20,0,0,0,0,0,0,20,0,N/A,N/A,N/A,N/A,N/A,N/A,20,0,20,0,20,12,N/A,N/A
40,6,2025-10-04,Nunavut,156,3,152,0,0,0,0,0,0,152,0,N/A,N/A,N/A,N/A,N/A,N/A,N/A,N/A,N/A,N/A,N/A,N/A,N/A,N/A
40,6,2025-10-04,Territories,206,5,194,2,2,0,0,2,0,194,0,N/A,N/A,N/A,N/A,N/A,N/A,20,0,20,0,20,12,N/A,N/A
40,6,2025-10-04,Canada,30014,2774,24562,159,60,20,64,154,5,23626,89,8935,27,14,12,24,100,8592,72,8933,19,9198,1988,8241,24
41,7,2025-10-11,Newfoundland and Labrador,385,56,341,0,0,0,0,0,0,341,1,341,0,2,2,4,0,341,1,341,5,341,64,341,2
41,7,2025-10-11,Prince Edward Island,152,23,95,1,0,0,1,1,0,95,2,6,0,0,0,0,0,6,0,6,0,6,3,6,0
41,7,2025-10-11,Nova Scotia,1117,157,1133,8,0,0,8,8,0,1133,1,34,0,0,0,0,0,34,2,34,0,34,10,34,0
41,7,2025-10-11,New Brunswick,684,40,515,2,0,0,2,2,0,516,4,94,0,0,0,1,0,94,4,94,0,94,33,94,0
41,7,2025-10-11,Atlantic,2338,276,2084,11,0,0,11,11,0,2085,8,475,0,2,2,5,0,475,7,475,5,475,110,475,2
41,7,2025-10-11,Quebec,9615,1073,6907,40,1,0,37,38,2,5922,27,1101,12,1,0,4,0,1110,36,1101,3,1174,265,1093,5
41,7,2025-10-11,Ontario,8661,528,7906,52,13,9,29,51,1,7986,37,3938,0,0,0,0,88,3546,22,3944,10,4042,577,3274,7
41,7,2025-10-11,Manitoba,1106,96,1017,1,1,0,0,1,0,1017,0,77,0,1,0,0,0,77,1,77,0,77,23,77,0
41,7,2025-10-11,Saskatchewan,1023,69,997,7,3,1,2,6,1,936,6,425,0,0,2,2,0,425,3,425,1,425,79,425,1
41,7,2025-10-11,Alberta,4085,191,3299,47,31,14,2,47,0,3136,19,1428,19,0,6,16,0,1428,12,1428,1,1428,265,1428,2
41,7,2025-10-11,Prairies,6214,356,5313,55,35,15,4,54,1,5089,25,1930,19,1,8,18,0,1930,16,1930,2,1930,367,1930,3
41,7,2025-10-11,British Columbia,3010,273,3317,56,37,4,3,55,1,3317,16,829,6,7,3,5,0,854,13,828,3,851,190,815,2
41,7,2025-10-11,Yukon,41,3,27,0,0,0,0,0,0,27,0,N/A,N/A,N/A,N/A,N/A,N/A,N/A,N/A,N/A,N/A,N/A,N/A,N/A,N/A
41,7,2025-10-11,Northwest Territories,39,0,39,0,0,0,0,0,0,39,0,N/A,N/A,N/A,N/A,N/A,N/A,39,0,39,0,39,14,N/A,N/A
41,7,2025-10-11,Nunavut,97,1,97,0,0,0,0,0,0,97,0,N/A,N/A,N/A,N/A,N/A,N/A,N/A,N/A,N/A,N/A,N/A,N/A,N/A,N/A
41,7,2025-10-11,Territories,177,4,163,0,0,0,0,0,0,163,0,N/A,N/A,N/A,N/A,N/A,N/A,39,0,39,0,39,14,N/A,N/A
41,7,2025-10-11,Canada,30015,2510,25690,214,86,28,84,209,5,24562,113,8273,37,11,13,32,88,7954,94,8317,23,8511,1523,7587,19
42,8,2025-10-18,Newfoundland and Labrador,418,44,327,0,0,0,0,0,0,327,0,327,1,1,1,2,0,327,2,327,2,327,31,327,4
42,8,2025-10-18,Prince Edward Island,144,10,95,1,0,0,1,1,0,95,0,6,0,0,0,0,0,6,1,6,0,6,3,6,0
42,8,2025-10-18,Nova Scotia,1146,162,1135,8,0,0,8,8,0,1135,2,31,0,0,0,1,0,31,1,31,1,31,7,31,0
42,8,2025-10-18,New Brunswick,630,44,472,3,1,0,2,3,0,470,1,118,1,0,0,0,1,118,4,118,0,118,39,118,1
42,8,2025-10-18,Atlantic,2338,260,2029,12,1,0,11,12,0,2027,3,482,2,1,1,3,1,482,8,482,3,482,80,482,5
42,8,2025-10-18,Quebec,9168,932,6810,67,0,0,65,65,2,5897,22,1065,9,0,4,5,0,1070,30,1065,1,1123,212,1065,2
42,8,2025-10-18,Ontario,8430,480,7596,40,10,6,21,37,3,7709,33,3793,0,0,0,0,111,3470,29,3760,7,3923,480,3150,11
42,8,2025-10-18,Manitoba,1022,94,961,0,0,0,0,0,0,961,0,84,1,1,0,0,0,84,0,84,0,84,24,84,0
42,8,2025-10-18,Saskatchewan,1023,58,1004,12,4,1,6,11,1,948,1,359,0,1,5,0,0,359,4,359,0,359,46,359,0
42,8,2025-10-18,Alberta,3879,179,3413,53,35,15,2,53,0,3334,17,1381,8,6,4,4,0,1381,4,1381,2,1381,270,1381,3
42,8,2025-10-18,Prairies,5924,331,5378,65,39,16,8,64,1,5243,18,1824,9,8,9,4,0,1824,8,1824,2,1824,340,1824,3
42,8,2025-10-18,British Columbia,3026,243,3357,77,33,18,3,76,1,3357,35,805,10,5,6,4,0,834,5,804,5,828,170,792,3
42,8,2025-10-18,Yukon,35,1,27,0,0,0,0,0,0,27,0,N/A,N/A,N/A,N/A,N/A,N/A,N/A,N/A,N/A,N/A,N/A,N/A,N/A,N/A
42,8,2025-10-18,Northwest Territories,20,0,20,1,1,0,0,1,0,20,0,N/A,N/A,N/A,N/A,N/A,N/A,20,0,20,0,20,5,N/A,N/A
42,8,2025-10-18,Nunavut,73,7,71,0,0,0,0,0,0,71,0,N/A,N/A,N/A,N/A,N/A,N/A,N/A,N/A,N/A,N/A,N/A,N/A,N/A,N/A
42,8,2025-10-18,Territories,128,8,118,1,1,0,0,1,0,118,0,N/A,N/A,N/A,N/A,N/A,N/A,20,0,20,0,20,5,N/A,N/A
42,8,2025-10-18,Canada,29014,2254,25288,262,84,40,108,255,7,24351,111,7969,30,14,20,16,112,7700,80,7955,18,8200,1287,7313,24
43,9,2025-10-25,Newfoundland and Labrador,349,29,304,2,0,0,2,2,0,304,0,304,0,5,1,3,0,304,3,304,2,304,36,304,1
43,9,2025-10-25,Prince Edward Island,151,10,127,1,0,0,1,1,0,127,1,8,0,0,0,0,0,8,0,8,0,8,1,8,0
43,9,2025-10-25,Nova Scotia,1158,123,1172,8,0,0,7,7,1,1172,7,41,1,0,1,0,0,41,1,41,1,41,7,41,0
43,9,2025-10-25,New Brunswick,807,67,645,18,0,4,14,18,0,646,1,126,1,0,0,3,0,126,4,126,0,126,33,126,0
43,9,2025-10-25,Atlantic,2465,229,2248,29,0,4,24,28,1,2249,9,479,2,5,2,6,0,479,8,479,3,479,77,479,1
43,9,2025-10-25,Quebec,9478,889,7180,114,0,0,110,110,4,5832,27,1061,6,1,2,5,0,1076,37,1061,0,1153,191,1056,4
43,9,2025-10-25,Ontario,8488,496,7929,84,24,14,45,83,1,8062,44,3982,0,0,0,0,89,3666,16,3919,5,4120,487,3280,8
43,9,2025-10-25,Manitoba,986,58,938,12,0,1,11,12,0,938,2,73,0,0,0,0,0,73,0,73,0,73,23,73,0
43,9,2025-10-25,Saskatchewan,1004,78,968,14,5,0,9,14,0,913,5,397,3,1,0,4,0,397,4,397,0,397,68,397,2
43,9,2025-10-25,Alberta,4211,249,3699,87,49,32,5,86,1,3536,32,1462,1,9,8,4,0,1462,5,1462,1,1462,216,1462,0
43,9,2025-10-25,Prairies,6201,385,5605,113,54,33,25,112,1,5387,39,1932,4,10,8,8,0,1932,9,1932,1,1932,307,1932,2
43,9,2025-10-25,British Columbia,2984,213,3390,131,55,37,12,131,0,3390,43,845,13,10,8,15,0,865,3,841,8,884,200,832,2
43,9,2025-10-25,Yukon,30,0,25,0,0,0,0,0,0,25,0,N/A,N/A,N/A,N/A,N/A,N/A,N/A,N/A,N/A,N/A,N/A,N/A,N/A,N/A
43,9,2025-10-25,Northwest Territories,28,2,28,1,1,0,0,1,0,28,0,N/A,N/A,N/A,N/A,N/A,N/A,28,0,28,0,28,7,N/A,N/A
43,9,2025-10-25,Nunavut,107,5,103,1,0,1,0,1,0,103,0,N/A,N/A,N/A,N/A,N/A,N/A,N/A,N/A,N/A,N/A,N/A,N/A,N/A,N/A
43,9,2025-10-25,Territories,165,7,156,2,1,1,0,2,0,156,0,N/A,N/A,N/A,N/A,N/A,N/A,28,0,28,0,28,7,N/A,N/A
43,9,2025-10-25,Canada,29781,2219,26508,473,134,89,216,466,7,25076,162,8299,25,26,20,34,89,8046,73,8260,17,8596,1269,7579,17
44,10,2025-11-01,Newfoundland and Labrador,356,43,299,2,0,0,2,2,0,299,4,299,0,7,3,2,0,299,5,299,5,299,34,299,0
44,10,2025-11-01,Prince Edward Island,118,20,94,0,0,0,0,0,0,94,1,5,0,0,0,0,0,5,0,5,0,5,2,5,0
44,10,2025-11-01,Nova Scotia,1043,112,1057,28,0,0,28,28,0,1057,3,43,1,0,0,0,0,43,2,43,0,43,12,43,0
44,10,2025-11-01,New Brunswick,775,55,607,30,0,7,23,30,0,607,2,98,2,0,0,1,1,98,1,98,0,98,25,98,0
44,10,2025-11-01,Atlantic,2292,230,2057,60,0,7,53,60,0,2057,10,445,3,7,3,3,1,445,8,445,5,445,73,445,0
44,10,2025-11-01,Quebec,8633,712,6831,80,0,0,76,76,4,5708,42,1017,1,0,6,9,0,1029,54,1017,3,1091,182,1015,7
44,10,2025-11-01,Ontario,8524,510,7962,147,36,43,66,145,2,8109,53,3861,0,0,0,0,121,3565,31,3865,12,4016,434,3203,31
44,10,2025-11-01,Manitoba,962,54,919,19,0,0,19,19,0,919,0,55,0,0,0,0,0,55,0,55,0,55,16,55,0
44,10,2025-11-01,Saskatchewan,969,73,939,32,16,6,10,32,0,892,13,381,0,1,0,2,0,381,4,381,0,381,54,381,2
44,10,2025-11-01,Alberta,4274,265,3737,118,66,44,8,118,0,3594,36,1473,8,8,10,4,0,1472,14,1473,2,1473,197,1473,4
44,10,2025-11-01,Prairies,6205,392,5595,169,82,50,37,169,0,5405,49,1909,8,9,10,6,0,1908,18,1909,2,1909,267,1909,6
44,10,2025-11-01,British Columbia,2725,225,3311,76,34,19,5,75,1,3311,42,896,14,13,1,9,1,916,11,894,11,920,188,884,4
44,10,2025-11-01,Yukon,35,0,24,1,0,1,0,1,0,24,0,N/A,N/A,N/A,N/A,N/A,N/A,N/A,N/A,N/A,N/A,N/A,N/A,N/A,N/A
44,10,2025-11-01,Northwest Territories,33,6,33,0,0,0,0,0,0,33,0,N/A,N/A,N/A,N/A,N/A,N/A,33,1,33,0,33,6,N/A,N/A
44,10,2025-11-01,Nunavut,112,3,91,2,0,1,0,1,1,91,0,N/A,N/A,N/A,N/A,N/A,N/A,N/A,N/A,N/A,N/A,N/A,N/A,N/A,N/A
44,10,2025-11-01,Territories,180,9,148,3,0,2,0,2,1,148,0,N/A,N/A,N/A,N/A,N/A,N/A,33,1,33,0,33,6,N/A,N/A
44,10,2025-11-01,Canada,28559,2078,25904,535,152,121,237,527,8,24738,196,8128,26,29,20,27,123,7896,123,8163,33,8414,1150,7456,48
45,11,2025-11-08,Newfoundland and Labrador,353,30,303,0,0,0,0,0,0,303,4,303,0,3,2,5,0,303,3,303,6,303,35,303,1
45,11,2025-11-08,Prince Edward Island,115,11,96,2,0,0,2,2,0,96,2,5,0,0,0,0,0,5,0,5,0,5,1,5,0
45,11,2025-11-08,Nova Scotia,1164,89,1181,9,0,0,9,9,0,1181,14,39,1,0,0,0,0,39,0,39,1,39,9,39,0
45,11,2025-11-08,New Brunswick,867,84,849,42,0,5,37,42,0,848,5,82,1,0,0,1,2,107,5,107,0,107,29,107,4
45,11,2025-11-08,Atlantic,2499,214,2429,53,0,5,48,53,0,2428,25,429,2,3,2,6,2,454,8,454,7,454,74,454,5
45,11,2025-11-08,Quebec,9021,807,7227,212,0,0,197,197,15,6066,61,1053,6,2,2,10,0,1070,45,1053,4,1149,195,1051,4
45,11,2025-11-08,Ontario,9075,445,8544,282,49,87,141,277,5,8626,104,4044,0,0,0,0,116,3681,37,4036,12,4213,426,3356,24
45,11,2025-11-08,Manitoba,947,63,891,16,0,0,16,16,0,891,1,63,0,1,0,0,0,63,2,63,0,63,14,63,0
45,11,2025-11-08,Saskatchewan,1042,67,1022,73,22,14,36,72,1,968,19,392,4,2,0,2,0,392,2,392,0,392,45,392,1
45,11,2025-11-08,Alberta,4294,225,3815,260,127,122,6,257,3,3670,37,1465,8,2,6,8,0,1465,16,1465,2,1462,182,1465,8
45,11,2025-11-08,Prairies,6283,355,5728,349,149,136,58,345,4,5529,57,1920,12,5,6,10,0,1920,20,1920,2,1917,241,1920,9
45,11,2025-11-08,British Columbia,2808,178,3421,129,52,39,6,127,2,3421,47,899,12,21,9,9,1,921,12,899,16,933,169,889,3
45,11,2025-11-08,Yukon,50,0,29,0,0,0,0,0,0,29,0,N/A,N/A,N/A,N/A,N/A,N/A,N/A,N/A,N/A,N/A,N/A,N/A,N/A,N/A
45,11,2025-11-08,Northwest Territories,47,6,47,1,0,1,0,1,0,47,0,N/A,N/A,N/A,N/A,N/A,N/A,47,1,47,0,47,13,N/A,N/A
45,11,2025-11-08,Nunavut,102,6,98,0,0,0,0,0,0,98,0,N/A,N/A,N/A,N/A,N/A,N/A,N/A,N/A,N/A,N/A,N/A,N/A,N/A,N/A
45,11,2025-11-08,Territories,199,12,174,1,0,1,0,1,0,174,0,N/A,N/A,N/A,N/A,N/A,N/A,47,1,47,0,47,13,N/A,N/A
45,11,2025-11-08,Canada,29885,2011,27523,1026,250,268,450,1000,26,26244,294,8345,32,31,19,35,119,8093,123,8409,41,8713,1118,7670,45
46,12,2025-11-15,Newfoundland and Labrador,357,30,313,3,0,0,3,3,0,313,2,313,2,4,1,4,0,313,5,313,6,313,47,313,2
46,12,2025-11-15,Prince Edward Island,132,5,115,6,0,0,6,6,0,115,0,8,0,0,0,0,0,8,1,8,2,8,3,8,0
46,12,2025-11-15,Nova Scotia,1103,67,1118,6,0,0,6,6,0,1118,9,35,1,0,0,0,0,35,1,35,1,35,9,35,0
46,12,2025-11-15,New Brunswick,978,71,969,130,0,13,117,130,0,969,4,99,2,2,0,2,4,99,4,99,0,99,27,99,0
46,12,2025-11-15,Atlantic,2570,173,2515,145,0,13,132,145,0,2515,15,455,5,6,1,6,4,455,11,455,9,455,86,455,2
46,12,2025-11-15,Quebec,9305,692,7615,266,0,0,257,257,9,6294,53,1060,6,2,4,6,0,1072,38,1060,2,1147,203,1058,10
46,12,2025-11-15,Ontario,9639,555,9171,585,104,206,272,582,3,9227,129,4191,0,0,0,0,120,3817,47,4172,18,4329,422,3454,18
46,12,2025-11-15,Manitoba,954,46,884,47,1,4,42,47,0,884,0,77,2,0,1,1,0,77,1,77,0,77,5,77,0
46,12,2025-11-15,Saskatchewan,1107,62,1081,81,19,22,40,81,0,1002,12,455,4,4,1,7,0,455,8,455,0,455,91,455,0
46,12,2025-11-15,Alberta,4477,250,4016,440,154,268,12,437,3,3868,54,1438,8,10,6,7,0,1438,5,1438,4,1437,179,1438,13
46,12,2025-11-15,Prairies,6538,358,5981,568,174,294,94,565,3,5754,66,1970,14,14,8,15,0,1970,14,1970,4,1969,275,1970,13
46,12,2025-11-15,British Columbia,2775,177,3409,154,54,45,9,147,7,3409,71,867,13,18,5,7,2,890,9,864,12,902,173,858,6
46,12,2025-11-15,Yukon,34,3,22,0,0,0,0,0,0,22,0,N/A,N/A,N/A,N/A,N/A,N/A,N/A,N/A,N/A,N/A,N/A,N/A,N/A,N/A
46,12,2025-11-15,Northwest Territories,21,0,21,3,0,3,0,3,0,21,0,N/A,N/A,N/A,N/A,N/A,N/A,21,0,21,0,21,3,N/A,N/A
46,12,2025-11-15,Nunavut,82,3,73,0,0,0,0,0,0,73,0,N/A,N/A,N/A,N/A,N/A,N/A,N/A,N/A,N/A,N/A,N/A,N/A,N/A,N/A
46,12,2025-11-15,Territories,137,6,116,3,0,3,0,3,0,116,0,N/A,N/A,N/A,N/A,N/A,N/A,21,0,21,0,21,3,N/A,N/A
46,12,2025-11-15,Canada,30964,1961,28807,1721,332,561,764,1699,22,27315,334,8543,38,40,18,34,126,8225,119,8542,45,8823,1162,7795,49
47,13,2025-11-22,Newfoundland and Labrador,352,16,328,2,1,1,0,2,0,328,8,328,1,14,3,7,0,328,2,328,4,328,30,328,1
47,13,2025-11-22,Prince Edward Island,133,10,122,9,0,0,8,8,1,122,2,6,1,0,0,0,0,6,0,6,0,6,4,6,0
47,13,2025-11-22,Nova Scotia,1008,57,1045,13,1,0,12,13,0,1045,16,44,0,0,0,0,0,44,1,44,3,44,7,44,0
47,13,2025-11-22,New Brunswick,1124,70,1035,173,1,23,147,171,2,1035,10,110,0,0,1,2,2,110,6,110,0,110,26,110,0
47,13,2025-11-22,Atlantic,2617,153,2530,197,3,24,167,194,3,2530,36,488,2,14,4,9,2,488,9,488,7,488,67,488,1
47,13,2025-11-22,Quebec,9503,738,8094,450,0,0,443,443,7,6520,82,1152,3,3,7,8,0,1169,49,1152,3,1212,201,1144,8
47,13,2025-11-22,Ontario,10340,565,9906,1102,126,373,596,1095,7,9921,165,4512,0,0,0,0,137,4154,23,4455,19,4648,415,3684,18
47,13,2025-11-22,Manitoba,1258,55,1124,99,0,7,92,99,0,1124,0,97,0,0,2,1,0,97,0,97,0,97,19,97,0
47,13,2025-11-22,Saskatchewan,1192,65,1188,160,22,42,95,159,1,1087,14,468,3,8,1,12,0,468,7,468,3,468,61,468,0
47,13,2025-11-22,Alberta,4591,216,4260,605,161,396,39,599,6,4033,57,1542,11,9,6,10,0,1542,5,1542,4,1542,160,1542,16
47,13,2025-11-22,Prairies,7041,336,6572,864,183,445,226,857,7,6244,71,2107,14,17,9,23,0,2107,12,2107,7,2107,240,2107,16
47,13,2025-11-22,British Columbia,2841,134,3479,173,54,72,6,171,2,3479,78,965,16,20,10,8,0,987,15,964,17,990,188,952,3
47,13,2025-11-22,Yukon,45,1,36,0,0,0,0,0,0,36,0,N/A,N/A,N/A,N/A,N/A,N/A,N/A,N/A,N/A,N/A,N/A,N/A,N/A,N/A
47,13,2025-11-22,Northwest Territories,49,4,49,13,0,13,0,13,0,49,0,N/A,N/A,N/A,N/A,N/A,N/A,49,0,49,0,49,6,N/A,N/A
47,13,2025-11-22,Nunavut,80,0,77,0,0,0,0,0,0,77,0,N/A,N/A,N/A,N/A,N/A,N/A,N/A,N/A,N/A,N/A,N/A,N/A,N/A,N/A
47,13,2025-11-22,Territories,174,5,162,13,0,13,0,13,0,162,0,N/A,N/A,N/A,N/A,N/A,N/A,49,0,49,0,49,6,N/A,N/A
47,13,2025-11-22,Canada,32516,1931,30743,2799,366,927,1438,2773,26,28856,432,9224,35,54,30,48,139,8954,108,9215,53,9494,1117,8375,46
48,14,2025-11-29,Newfoundland and Labrador,389,17,344,6,0,6,0,6,0,344,4,344,2,10,1,5,0,344,5,344,6,344,27,344,2
48,14,2025-11-29,Prince Edward Island,120,7,101,6,0,0,6,6,0,101,0,7,0,0,0,0,0,7,1,7,0,7,4,7,0
48,14,2025-11-29,Nova Scotia,1087,100,1102,45,15,11,18,44,1,1102,12,39,0,0,0,0,0,39,0,39,1,39,7,39,0
48,14,2025-11-29,New Brunswick,1069,61,1068,251,0,40,211,251,0,1070,7,116,1,0,1,4,2,116,5,116,0,116,26,116,1
48,14,2025-11-29,Atlantic,2665,185,2615,308,15,57,235,307,1,2617,23,506,3,10,2,9,2,506,11,506,7,506,64,506,3
48,14,2025-11-29,Quebec,10301,829,9011,886,2,1,871,874,12,7154,132,1263,9,3,3,16,0,1275,53,1263,5,1323,175,1260,14
48,14,2025-11-29,Ontario,11768,677,11428,2182,179,843,1151,2173,9,11376,259,5054,0,0,0,0,118,4758,26,5110,21,5296,399,4130,38
48,14,2025-11-29,Manitoba,1371,44,1190,161,0,2,159,161,0,1190,3,81,0,0,0,0,0,81,2,81,3,81,20,81,0
48,14,2025-11-29,Saskatchewan,1389,93,1397,279,14,63,201,278,1,1254,31,483,6,2,2,9,0,483,3,483,3,483,54,483,1
48,14,2025-11-29,Alberta,5115,306,4694,797,156,589,38,784,13,4444,110,1615,10,12,4,14,0,1614,11,1615,4,1615,175,1615,10
48,14,2025-11-29,Prairies,7875,443,7281,1237,170,654,398,1223,14,6888,144,2179,16,14,6,23,0,2178,16,2179,10,2179,249,2179,11
48,14,2025-11-29,British Columbia,2865,120,3511,266,64,110,13,261,5,3511,97,901,7,16,3,7,1,922,13,899,21,932,135,891,5
48,14,2025-11-29,Yukon,25,1,20,2,1,0,0,2,0,20,0,N/A,N/A,N/A,N/A,N/A,N/A,N/A,N/A,N/A,N/A,N/A,N/A,N/A,N/A
48,14,2025-11-29,Northwest Territories,74,5,74,32,0,32,0,32,0,74,0,N/A,N/A,N/A,N/A,N/A,N/A,74,0,74,0,74,7,N/A,N/A
48,14,2025-11-29,Nunavut,80,3,75,0,0,0,0,0,0,75,0,N/A,N/A,N/A,N/A,N/A,N/A,N/A,N/A,N/A,N/A,N/A,N/A,N/A,N/A
48,14,2025-11-29,Territories,179,9,169,34,1,32,0,34,0,169,0,N/A,N/A,N/A,N/A,N/A,N/A,74,0,74,0,74,7,N/A,N/A
48,14,2025-11-29,Canada,35653,2263,34015,4913,431,1697,2668,4872,41,31715,655,9903,35,43,14,55,121,9713,119,10031,64,10310,1029,8966,71
49,15,2025-12-06,Newfoundland and Labrador,324,10,298,10,1,8,1,10,0,298,3,298,1,8,0,1,0,298,2,298,2,298,38,298,8
49,15,2025-12-06,Prince Edward Island,133,4,129,16,0,0,16,16,0,129,4,4,0,0,0,0,0,4,0,4,0,4,2,4,0
49,15,2025-12-06,Nova Scotia,1111,64,1075,66,7,14,45,66,0,1075,16,35,1,0,0,0,0,35,0,35,1,35,8,35,0
49,15,2025-12-06,New Brunswick,1382,82,1390,382,1,68,313,382,0,1391,22,165,3,1,0,2,4,165,9,165,1,165,38,165,1
49,15,2025-12-06,Atlantic,2950,160,2892,474,9,90,375,474,0,2893,45,502,5,9,0,3,4,502,11,502,4,502,86,502,9
49,15,2025-12-06,Quebec,11549,901,10427,1676,0,2,1659,1661,15,8083,133,1218,7,1,4,7,0,1233,45,1219,5,1279,175,1219,16
49,15,2025-12-06,Ontario,14231,672,13938,3740,220,1538,1965,3723,17,13788,358,6013,0,0,0,0,118,5596,54,5989,14,6205,410,4960,34
49,15,2025-12-06,Manitoba,1789,58,1524,236,0,5,231,236,0,1524,8,123,1,0,1,1,0,123,1,123,0,123,11,123,0
49,15,2025-12-06,Saskatchewan,1868,108,1913,602,5,85,509,599,3,1723,47,626,10,1,1,13,0,626,7,626,0,626,54,626,0
49,15,2025-12-06,Alberta,6771,328,6257,1717,214,1402,72,1696,21,5855,140,2186,20,12,3,20,0,2185,18,2185,17,2186,205,2186,20
49,15,2025-12-06,Prairies,10428,494,9694,2555,219,1492,812,2531,24,9102,195,2935,31,13,5,34,0,2934,26,2934,17,2935,270,2935,20
49,15,2025-12-06,British Columbia,3248,126,3959,564,90,304,17,552,12,3959,137,1004,12,23,4,8,0,1024,16,1003,18,1029,145,996,9
49,15,2025-12-06,Yukon,51,1,43,7,4,2,0,7,0,43,0,N/A,N/A,N/A,N/A,N/A,N/A,N/A,N/A,N/A,N/A,N/A,N/A,N/A,N/A
49,15,2025-12-06,Northwest Territories,53,2,53,22,0,22,0,22,0,53,0,N/A,N/A,N/A,N/A,N/A,N/A,53,2,53,0,53,4,N/A,N/A
49,15,2025-12-06,Nunavut,106,4,103,19,0,16,3,19,0,103,0,N/A,N/A,N/A,N/A,N/A,N/A,N/A,N/A,N/A,N/A,N/A,N/A,N/A,N/A
49,15,2025-12-06,Territories,210,7,199,48,4,40,3,48,0,199,0,N/A,N/A,N/A,N/A,N/A,N/A,53,2,53,0,53,4,N/A,N/A
49,15,2025-12-06,Canada,42616,2360,41109,9057,542,3466,4831,8989,68,38024,868,11672,55,46,13,52,122,11342,154,11700,58,12003,1090,10612,88
50,16,2025-12-13,Newfoundland and Labrador,392,22,364,22,1,17,4,22,0,364,7,364,2,9,1,5,0,364,4,364,9,364,29,364,6
50,16,2025-12-13,Prince Edward Island,168,10,161,26,0,0,26,26,0,161,1,8,1,0,0,0,0,8,0,8,0,8,5,8,0
50,16,2025-12-13,Nova Scotia,1262,77,1289,122,1,20,101,122,0,1289,35,45,4,0,0,0,0,45,0,45,0,45,5,45,0
50,16,2025-12-13,New Brunswick,1516,102,1527,456,1,83,372,456,0,1528,28,186,2,0,0,3,3,186,6,186,2,186,26,186,1
50,16,2025-12-13,Atlantic,3338,211,3341,626,3,120,503,626,0,3342,71,603,9,9,1,8,3,603,10,603,11,603,65,603,7
50,16,2025-12-13,Quebec,14559,915,13614,3561,1,5,3544,3550,11,10573,218,1437,5,4,5,11,0,1451,52,1437,6,1505,203,1434,16
50,16,2025-12-13,Ontario,17818,673,17383,5921,178,1527,4192,5897,24,17315,441,7163,0,0,0,0,111,6631,37,7104,31,7397,439,6013,36
50,16,2025-12-13,Manitoba,2198,83,1589,351,0,22,329,351,0,1589,3,126,1,1,1,2,0,126,1,126,4,126,26,126,0
50,16,2025-12-13,Saskatchewan,2496,129,2528,1024,3,105,912,1020,4,2302,52,775,4,3,4,10,0,775,4,775,2,775,61,775,0
50,16,2025-12-13,Alberta,8281,359,7883,2612,294,2113,142,2567,45,7324,178,2701,23,15,4,18,0,2699,9,2701,10,2700,210,2701,22
50,16,2025-12-13,Prairies,12975,571,12000,3987,297,2240,1383,3938,49,11215,233,3602,28,19,9,30,0,3600,14,3602,16,3601,297,3602,22
50,16,2025-12-13,British Columbia,3619,100,4445,851,90,560,9,839,12,4445,186,1080,11,30,3,12,0,1100,8,1080,31,1106,135,1065,5
50,16,2025-12-13,Yukon,46,0,34,2,0,1,0,2,0,34,0,N/A,N/A,N/A,N/A,N/A,N/A,N/A,N/A,N/A,N/A,N/A,N/A,N/A,N/A
50,16,2025-12-13,Northwest Territories,89,7,89,27,1,26,0,27,0,89,1,N/A,N/A,N/A,N/A,N/A,N/A,89,2,89,0,89,4,N/A,N/A
50,16,2025-12-13,Nunavut,153,10,150,76,5,67,4,76,0,150,0,N/A,N/A,N/A,N/A,N/A,N/A,N/A,N/A,N/A,N/A,N/A,N/A,N/A,N/A
50,16,2025-12-13,Territories,288,17,273,105,6,94,4,105,0,273,1,N/A,N/A,N/A,N/A,N/A,N/A,89,2,89,0,89,4,N/A,N/A
50,16,2025-12-13,Canada,52597,2487,51056,15051,575,4546,9635,14955,96,47163,1150,13885,53,62,18,61,114,13474,123,13915,95,14301,1143,12717,86
51,17,2025-12-20,Newfoundland and Labrador,404,20,368,50,2,34,14,50,0,368,2,368,0,9,0,4,0,368,8,368,8,368,22,368,6
51,17,2025-12-20,Prince Edward Island,213,15,204,52,0,2,50,52,0,204,1,10,0,0,0,0,0,10,0,10,1,10,2,10,0
51,17,2025-12-20,Nova Scotia,1487,105,1508,248,5,49,193,247,1,1508,39,43,1,0,0,0,0,43,2,43,0,43,11,43,2
51,17,2025-12-20,New Brunswick,1944,146,1995,660,2,90,568,660,0,2054,32,213,1,1,0,3,1,213,13,213,1,213,38,213,1
51,17,2025-12-20,Atlantic,4048,286,4075,1010,9,175,825,1009,1,4134,74,634,2,10,0,7,1,634,23,634,10,634,73,634,9
51,17,2025-12-20,Quebec,18993,1112,17839,6281,0,1,6249,6250,31,13754,305,1618,6,4,5,8,0,1633,33,1618,10,1682,154,1615,32
51,17,2025-12-20,Ontario,20118,837,19645,7071,130,1222,5668,7020,51,19644,542,8012,0,0,0,0,104,7283,52,7941,46,8257,427,6671,52
51,17,2025-12-20,Manitoba,2289,96,1747,345,0,22,323,345,0,1747,6,135,0,0,2,0,0,135,0,135,2,135,19,135,0
51,17,2025-12-20,Saskatchewan,2906,164,2977,1217,4,83,1129,1216,1,2679,73,941,11,4,1,12,0,941,7,941,2,941,56,941,4
51,17,2025-12-20,Alberta,9087,379,8805,3066,264,2637,97,3011,55,8122,205,2883,23,6,4,16,0,2883,11,2883,17,2882,213,2883,34
51,17,2025-12-20,Prairies,14282,639,13529,4628,268,2742,1549,4572,56,12548,284,3959,34,10,7,28,0,3959,18,3959,21,3958,288,3959,38
51,17,2025-12-20,British Columbia,3943,92,4859,1102,108,669,14,1073,29,4858,184,1076,15,12,8,21,0,1104,26,1076,48,1114,129,1071,7
51,17,2025-12-20,Yukon,32,2,29,3,1,1,0,3,0,29,0,N/A,N/A,N/A,N/A,N/A,N/A,N/A,N/A,N/A,N/A,N/A,N/A,N/A,N/A
51,17,2025-12-20,Northwest Territories,81,5,81,37,9,28,0,37,0,81,1,N/A,N/A,N/A,N/A,N/A,N/A,81,2,81,0,81,10,N/A,N/A
51,17,2025-12-20,Nunavut,450,25,450,121,4,114,2,120,1,450,2,N/A,N/A,N/A,N/A,N/A,N/A,N/A,N/A,N/A,N/A,N/A,N/A,N/A,N/A
51,17,2025-12-20,Territories,563,32,560,161,14,143,2,160,1,560,3,N/A,N/A,N/A,N/A,N/A,N/A,81,2,81,0,81,10,N/A,N/A
51,17,2025-12-20,Canada,61947,2998,60507,20253,529,4952,14307,20084,169,55498,1392,15299,57,36,20,64,105,14694,154,15309,135,15726,1081,13950,138
52,18,2025-12-27,Newfoundland and Labrador,447,10,408,112,2,22,88,112,0,408,10,408,1,7,0,2,0,408,6,408,10,408,27,408,6
52,18,2025-12-27,Prince Edward Island,274,6,272,91,0,2,88,90,1,272,2,9,1,0,0,0,0,9,0,9,0,9,4,9,0
52,18,2025-12-27,Nova Scotia,1737,120,1741,428,7,139,277,423,5,1741,72,27,0,0,0,0,0,27,1,27,0,27,4,27,0
52,18,2025-12-27,New Brunswick,1660,120,1734,557,1,85,468,554,3,1734,39,168,1,1,2,0,1,168,3,168,3,168,31,168,8
52,18,2025-12-27,Atlantic,4118,256,4155,1188,10,248,921,1179,9,4155,123,612,3,8,2,2,1,612,10,612,13,612,66,612,14
52,18,2025-12-27,Quebec,18562,1019,19772,7724,0,3,7692,7695,29,15313,362,1527,3,4,0,9,0,1538,51,1528,8,1613,120,1524,32
52,18,2025-12-27,Ontario,18709,656,18310,6337,125,838,5319,6282,55,18277,673,7409,0,0,0,0,80,6654,53,7368,32,7647,284,6095,48
52,18,2025-12-27,Manitoba,2077,74,1704,314,1,39,272,312,2,1704,9,105,0,0,0,1,0,105,0,105,5,105,4,105,1
52,18,2025-12-27,Saskatchewan,2557,133,2608,1012,3,41,964,1008,4,2372,67,823,2,4,0,9,0,823,8,823,3,823,41,823,4
52,18,2025-12-27,Alberta,8370,323,8175,2822,256,2355,113,2733,89,7724,249,2556,9,14,6,14,0,2556,15,2556,16,2555,171,2556,27
52,18,2025-12-27,Prairies,13004,530,12487,4148,260,2435,1349,4053,95,11800,325,3484,11,18,6,24,0,3484,23,3484,24,3483,216,3484,32
52,18,2025-12-27,British Columbia,3854,91,4850,1234,113,791,5,1204,30,4849,226,948,8,15,9,14,0,963,6,948,29,970,95,943,7
52,18,2025-12-27,Yukon,35,1,31,7,2,4,0,6,1,31,1,N/A,N/A,N/A,N/A,N/A,N/A,N/A,N/A,N/A,N/A,N/A,N/A,N/A,N/A
52,18,2025-12-27,Northwest Territories,68,2,68,35,12,22,0,34,1,68,1,N/A,N/A,N/A,N/A,N/A,N/A,68,0,68,0,68,4,N/A,N/A
52,18,2025-12-27,Nunavut,168,12,167,98,4,89,5,98,0,167,0,N/A,N/A,N/A,N/A,N/A,N/A,N/A,N/A,N/A,N/A,N/A,N/A,N/A,N/A
52,18,2025-12-27,Territories,271,15,266,140,18,115,5,138,2,266,2,N/A,N/A,N/A,N/A,N/A,N/A,68,0,68,0,68,4,N/A,N/A
52,18,2025-12-27,Canada,58518,2567,59840,20771,526,4430,15291,20551,220,54660,1711,13980,25,45,17,49,81,13319,143,14008,106,14393,785,12658,133
53,19,2026-01-03,Newfoundland and Labrador,658,41,599,143,0,81,62,143,0,599,5,599,3,2,2,8,0,599,9,599,21,599,28,599,11
53,19,2026-01-03,Prince Edward Island,307,14,299,100,0,2,98,100,0,299,2,19,0,0,0,0,0,19,2,19,1,19,5,19,0
53,19,2026-01-03,Nova Scotia,2351,204,2366,509,8,148,346,502,7,2366,81,45,1,0,0,0,0,45,1,45,0,45,7,45,0
53,19,2026-01-03,New Brunswick,1728,142,1731,428,5,55,368,428,0,1731,31,127,0,0,1,1,1,127,6,127,0,127,9,127,3
53,19,2026-01-03,Atlantic,5044,401,4995,1180,13,286,874,1173,7,4995,119,790,4,2,3,9,1,790,18,790,22,790,49,790,14
53,19,2026-01-03,Quebec,18480,1054,19590,6284,1,2,6250,6253,31,14985,397,1497,3,1,3,10,0,1509,40,1497,10,1557,121,1491,41
53,19,2026-01-03,Ontario,18708,980,18155,4470,110,640,3651,4401,69,18282,756,7297,0,0,0,0,93,6541,46,7192,54,7537,263,5986,70
53,19,2026-01-03,Manitoba,2097,88,1799,240,0,16,222,238,2,1799,20,133,0,0,1,2,0,133,0,133,2,133,17,133,0
53,19,2026-01-03,Saskatchewan,2497,124,2539,768,1,52,711,764,4,2284,107,789,5,1,4,8,0,789,6,789,3,789,46,789,3
53,19,2026-01-03,Alberta,8089,338,7923,2233,215,1824,91,2134,99,7493,319,2502,7,9,6,19,0,2501,10,2500,13,2498,113,2502,38
53,19,2026-01-03,Prairies,12683,550,12261,3241,216,1892,1024,3136,105,11576,446,3424,12,10,11,29,0,3423,16,3422,18,3420,176,3424,41
53,19,2026-01-03,British Columbia,4713,141,5923,1451,136,850,7,1432,19,5923,287,1132,6,8,8,15,0,1156,17,1131,59,1153,113,1116,15
53,19,2026-01-03,Yukon,49,0,42,6,2,1,0,3,3,41,0,N/A,N/A,N/A,N/A,N/A,N/A,N/A,N/A,N/A,N/A,N/A,N/A,N/A,N/A
53,19,2026-01-03,Northwest Territories,60,4,60,21,5,15,0,20,1,60,2,N/A,N/A,N/A,N/A,N/A,N/A,60,0,60,0,60,2,N/A,N/A
53,19,2026-01-03,Nunavut,148,4,148,47,7,26,14,47,0,148,0,N/A,N/A,N/A,N/A,N/A,N/A,N/A,N/A,N/A,N/A,N/A,N/A,N/A,N/A
53,19,2026-01-03,Territories,257,8,250,74,14,42,14,70,4,249,2,N/A,N/A,N/A,N/A,N/A,N/A,60,0,60,0,60,2,N/A,N/A
53,19,2026-01-03,Canada,59885,3134,61174,16700,490,3712,11820,16465,235,56010,2007,14140,25,21,25,63,94,13479,137,14092,163,14517,724,12807,181
1,20,2026-01-10,Newfoundland and Labrador,641,29,593,101,2,65,34,101,0,593,10,593,1,8,2,13,0,593,5,593,16,593,26,593,22
1,20,2026-01-10,Prince Edward Island,256,5,255,57,0,0,54,54,3,255,8,8,0,0,0,0,0,8,0,8,1,8,2,8,0
1,20,2026-01-10,Nova Scotia,2148,149,2179,392,14,96,277,387,5,2179,91,51,1,0,0,1,0,51,1,51,1,51,5,51,0
1,20,2026-01-10,New Brunswick,1440,116,1465,208,3,25,178,206,2,1465,38,108,2,0,0,0,0,108,3,108,0,108,11,108,3
1,20,2026-01-10,Atlantic,4485,299,4492,758,19,186,543,748,10,4492,147,760,4,8,2,14,0,760,9,760,18,760,44,760,25
1,20,2026-01-10,Quebec,16268,945,16348,3462,1,2,3420,3423,39,12661,344,1412,2,1,2,0,0,1422,31,1412,14,1485,92,1398,42
1,20,2026-01-10,Ontario,14952,885,14467,2007,63,340,1541,1944,63,14565,702,5907,0,0,0,0,51,5341,34,5688,44,6111,185,4983,84
1,20,2026-01-10,Manitoba,1722,81,1530,114,0,17,97,114,0,1530,18,125,0,2,0,3,0,125,3,125,7,125,7,125,2
1,20,2026-01-10,Saskatchewan,2049,126,2073,359,6,76,267,349,10,1871,83,669,5,5,1,7,0,669,10,669,2,669,29,669,9
1,20,2026-01-10,Alberta,6848,327,6704,1081,150,764,58,977,104,6273,295,2190,16,5,2,14,0,2190,6,2189,25,2189,101,2190,39
1,20,2026-01-10,Prairies,10619,534,10307,1554,156,857,422,1440,114,9674,396,2984,21,12,3,24,0,2984,19,2983,34,2983,137,2984,50
1,20,2026-01-10,British Columbia,5033,132,5929,1266,125,528,6,1234,32,5929,264,1224,9,6,8,15,0,1244,12,1222,75,1255,94,1212,20
1,20,2026-01-10,Yukon,44,0,33,4,0,4,0,4,0,32,0,N/A,N/A,N/A,N/A,N/A,N/A,N/A,N/A,N/A,N/A,N/A,N/A,N/A,N/A
1,20,2026-01-10,Northwest Territories,59,7,59,11,3,7,0,10,1,59,4,N/A,N/A,N/A,N/A,N/A,N/A,59,0,59,0,59,8,N/A,N/A
1,20,2026-01-10,Nunavut,118,11,117,56,5,49,2,56,0,117,1,N/A,N/A,N/A,N/A,N/A,N/A,N/A,N/A,N/A,N/A,N/A,N/A,N/A,N/A
1,20,2026-01-10,Territories,221,18,209,71,8,60,2,70,1,208,5,N/A,N/A,N/A,N/A,N/A,N/A,59,0,59,0,59,8,N/A,N/A
1,20,2026-01-10,Canada,51578,2813,51752,9118,372,1973,5934,8859,259,47529,1858,12287,36,27,15,53,51,11810,105,12124,185,12653,560,11337,221
2,21,2026-01-17,Newfoundland and Labrador,514,29,453,67,2,60,4,66,1,453,7,453,0,6,3,7,0,453,4,453,24,453,13,453,16
2,21,2026-01-17,Prince Edward Island,198,7,197,40,0,0,37,37,3,197,3,8,0,0,1,0,0,8,0,8,0,8,0,8,0
2,21,2026-01-17,Nova Scotia,1835,147,1842,285,0,9,271,280,5,1842,88,29,0,0,0,0,0,29,2,29,0,29,0,29,0
2,21,2026-01-17,New Brunswick,1257,94,1266,124,0,9,115,124,0,1266,58,115,1,0,1,1,0,115,7,115,2,115,10,115,4
2,21,2026-01-17,Atlantic,3804,277,3758,516,2,78,427,507,9,3758,156,605,1,6,5,8,0,605,13,605,26,605,23,605,20
2,21,2026-01-17,Quebec,12357,643,12238,1868,1,2,1826,1829,39,9470,438,1229,7,3,0,3,0,1240,16,1229,16,1308,76,1217,37
2,21,2026-01-17,Ontario,12222,756,11748,858,32,125,645,802,56,11928,792,5008,0,0,0,0,49,4556,36,4805,30,5203,183,4156,107
2,21,2026-01-17,Manitoba,1320,70,1203,67,0,0,66,66,1,1203,12,81,1,0,1,4,0,81,0,81,2,81,7,81,1
2,21,2026-01-17,Saskatchewan,1495,89,1511,177,11,66,92,169,8,1382,122,482,3,3,4,5,0,482,7,482,9,482,21,482,7
2,21,2026-01-17,Alberta,5322,206,5132,508,71,314,23,408,100,4851,282,1697,12,5,8,9,0,1697,9,1696,44,1693,80,1697,59
2,21,2026-01-17,Prairies,8137,365,7846,752,82,380,181,643,109,7436,416,2260,16,8,13,18,0,2260,16,2259,55,2256,108,2260,67
2,21,2026-01-17,British Columbia,3932,106,4748,692,42,198,3,666,26,4748,276,929,8,5,4,10,0,951,7,926,35,948,73,918,12
2,21,2026-01-17,Yukon,40,0,34,7,0,7,0,7,0,34,3,N/A,N/A,N/A,N/A,N/A,N/A,N/A,N/A,N/A,N/A,N/A,N/A,N/A,N/A
2,21,2026-01-17,Northwest Territories,41,6,41,0,0,0,0,0,0,41,0,N/A,N/A,N/A,N/A,N/A,N/A,41,0,41,1,41,8,N/A,N/A
2,21,2026-01-17,Nunavut,93,5,93,34,3,23,6,32,2,93,0,N/A,N/A,N/A,N/A,N/A,N/A,N/A,N/A,N/A,N/A,N/A,N/A,N/A,N/A
2,21,2026-01-17,Territories,174,11,168,41,3,30,6,39,2,168,3,N/A,N/A,N/A,N/A,N/A,N/A,41,0,41,1,41,8,N/A,N/A
2,21,2026-01-17,Canada,40626,2158,40506,4727,162,813,3088,4486,241,37508,2081,10031,32,22,22,39,49,9653,88,9865,163,10361,471,9156,243
3,22,2026-01-24,Newfoundland and Labrador,511,10,469,51,1,46,4,51,0,469,8,469,0,5,3,5,0,469,0,469,31,469,24,469,24
3,22,2026-01-24,Prince Edward Island,117,3,117,12,0,0,11,11,1,117,7,11,1,0,0,0,0,11,0,11,1,11,2,11,0
3,22,2026-01-24,Nova Scotia,1564,109,1585,261,1,24,226,251,10,1585,66,41,1,0,0,0,0,41,2,41,1,41,2,41,1
3,22,2026-01-24,New Brunswick,1068,95,1086,99,1,5,92,98,1,1086,61,108,2,0,2,1,1,108,2,108,2,108,17,108,3
3,22,2026-01-24,Atlantic,3260,217,3257,423,3,75,333,411,12,3257,142,629,4,5,5,6,1,629,4,629,35,629,45,629,28
3,22,2026-01-24,Quebec,10572,561,10328,1006,0,0,953,953,53,8110,557,1088,5,0,9,2,0,1097,32,1087,26,1161,91,1083,66
3,22,2026-01-24,Ontario,11243,726,10780,487,18,48,347,413,74,10916,787,4575,0,0,0,0,43,4169,28,4432,40,4760,174,3766,122
3,22,2026-01-24,Manitoba,1106,48,1039,21,0,0,21,21,0,1039,18,76,0,0,0,0,0,76,1,76,6,76,7,76,0
3,22,2026-01-24,Saskatchewan,1343,84,1348,97,2,21,59,82,15,1233,114,472,2,4,1,5,0,472,7,472,7,472,29,472,6
3,22,2026-01-24,Alberta,5024,178,4795,324,39,152,8,200,124,4557,345,1595,8,4,11,10,0,1594,9,1595,37,1595,110,1595,76
3,22,2026-01-24,Prairies,7473,310,7182,442,41,173,88,303,139,6829,477,2143,10,8,12,15,0,2142,17,2143,50,2143,146,2143,82
3,22,2026-01-24,British Columbia,3459,112,4285,486,34,170,2,448,38,4285,294,938,6,2,6,20,0,958,6,938,47,957,74,922,23
3,22,2026-01-24,Yukon,35,1,33,6,0,5,0,5,1,33,0,N/A,N/A,N/A,N/A,N/A,N/A,N/A,N/A,N/A,N/A,N/A,N/A,N/A,N/A
3,22,2026-01-24,Northwest Territories,47,3,47,2,0,2,0,2,0,47,0,N/A,N/A,N/A,N/A,N/A,N/A,47,0,47,3,47,4,N/A,N/A
3,22,2026-01-24,Nunavut,65,3,65,9,0,7,1,8,1,65,0,N/A,N/A,N/A,N/A,N/A,N/A,N/A,N/A,N/A,N/A,N/A,N/A,N/A,N/A
3,22,2026-01-24,Territories,147,7,145,17,0,14,1,15,2,145,0,N/A,N/A,N/A,N/A,N/A,N/A,47,0,47,3,47,4,N/A,N/A
3,22,2026-01-24,Canada,36154,1933,35977,2861,96,480,1724,2543,318,33542,2257,9373,25,15,32,43,44,9042,87,9276,201,9697,534,8543,321
4,23,2026-01-31,Newfoundland and Labrador,448,12,417,45,1,41,3,45,0,417,14,417,2,4,6,2,0,417,2,417,16,417,17,417,20
4,23,2026-01-31,Prince Edward Island,147,7,145,22,0,1,12,13,9,145,16,12,0,1,0,0,0,12,2,12,1,12,4,12,0
4,23,2026-01-31,Nova Scotia,1481,110,1470,226,0,12,197,209,17,1470,76,40,2,0,0,0,0,40,0,40,0,40,1,40,3
4,23,2026-01-31,New Brunswick,1019,87,1025,70,2,5,62,69,1,1025,82,120,0,1,0,0,1,120,4,120,0,120,20,120,8
4,23,2026-01-31,Atlantic,3095,216,3057,363,3,59,274,336,27,3057,188,589,4,6,6,2,1,589,8,589,17,589,42,589,31
4,23,2026-01-31,Quebec,9812,504,9697,811,0,0,747,747,64,7730,647,1129,3,5,5,3,0,1143,37,1129,11,1225,100,1117,84
4,23,2026-01-31,Ontario,10385,640,10008,290,18,26,168,212,78,10096,775,4178,0,0,0,0,37,3785,32,4026,60,4290,153,3452,143
4,23,2026-01-31,Manitoba,1113,74,1015,19,0,1,18,19,0,1015,29,70,1,0,0,0,0,70,3,70,3,70,8,70,2
4,23,2026-01-31,Saskatchewan,1267,83,1297,76,7,11,30,48,28,1176,123,436,6,0,2,2,0,436,7,436,8,436,20,436,14
4,23,2026-01-31,Alberta,5047,210,4821,315,37,93,5,136,179,4587,446,1660,6,2,5,3,0,1660,7,1660,40,1660,113,1660,82
4,23,2026-01-31,Prairies,7427,367,7133,410,44,105,53,203,207,6778,598,2166,13,2,7,5,0,2166,17,2166,51,2166,141,2166,98
4,23,2026-01-31,British Columbia,3850,145,4518,542,48,148,3,493,49,4518,360,922,8,3,8,4,0,942,12,920,48,949,109,907,32
4,23,2026-01-31,Yukon,59,0,51,10,0,8,0,9,1,52,1,N/A,N/A,N/A,N/A,N/A,N/A,N/A,N/A,N/A,N/A,N/A,N/A,N/A,N/A
4,23,2026-01-31,Northwest Territories,32,1,32,1,0,1,0,1,0,32,2,N/A,N/A,N/A,N/A,N/A,N/A,32,1,32,0,32,4,N/A,N/A
4,23,2026-01-31,Nunavut,60,3,60,10,0,4,0,4,6,60,3,N/A,N/A,N/A,N/A,N/A,N/A,N/A,N/A,N/A,N/A,N/A,N/A,N/A,N/A
4,23,2026-01-31,Territories,151,4,143,21,0,13,0,14,7,144,6,N/A,N/A,N/A,N/A,N/A,N/A,32,1,32,0,32,4,N/A,N/A
4,23,2026-01-31,Canada,34720,1876,34556,2437,113,351,1245,2005,432,32323,2574,8984,28,16,26,14,38,8657,107,8862,187,9251,549,8231,388
5,24,2026-02-07,Newfoundland and Labrador,362,7,327,47,2,42,3,47,0,327,3,327,1,2,1,3,0,327,4,327,18,327,15,327,22
5,24,2026-02-07,Prince Edward Island,158,6,149,34,0,0,22,22,12,149,4,8,0,0,0,0,0,8,1,8,3,8,2,8,2
5,24,2026-02-07,Nova Scotia,1400,62,1419,202,1,23,162,186,16,1419,81,36,3,0,0,0,0,36,0,36,0,36,3,36,2
5,24,2026-02-07,New Brunswick,1121,96,1120,88,4,1,82,87,1,1120,93,91,0,0,1,1,1,91,2,91,4,91,17,91,13
5,24,2026-02-07,Atlantic,3041,171,3015,371,7,66,269,342,29,3015,181,462,4,2,2,4,1,462,7,462,25,462,37,462,39
5,24,2026-02-07,Quebec,10029,533,9916,670,1,0,555,556,114,7945,711,1157,3,3,2,0,0,1170,28,1157,26,1231,102,1155,103
5,24,2026-02-07,Ontario,10669,757,10284,277,23,13,148,184,93,10368,778,4513,0,0,0,0,36,4087,33,4308,60,4639,199,3751,233
5,24,2026-02-07,Manitoba,1004,56,941,8,0,2,5,7,1,941,22,78,0,1,0,0,0,78,0,78,6,78,7,78,3
5,24,2026-02-07,Saskatchewan,1425,90,1426,61,3,7,15,25,36,1322,172,519,4,3,6,10,0,519,12,519,18,519,44,519,37
5,24,2026-02-07,Alberta,4967,216,4789,324,33,49,3,85,239,4523,419,1591,8,4,1,4,0,1591,12,1591,46,1591,132,1591,120
5,24,2026-02-07,Prairies,7396,362,7156,393,36,58,23,117,276,6786,613,2188,12,8,7,14,0,2188,24,2188,70,2188,183,2188,160
5,24,2026-02-07,British Columbia,3677,120,4145,386,24,120,0,331,55,4145,365,907,4,4,6,8,1,923,10,909,45,947,118,888,32
5,24,2026-02-07,Yukon,59,1,45,14,2,7,0,12,2,45,1,N/A,N/A,N/A,N/A,N/A,N/A,N/A,N/A,N/A,N/A,N/A,N/A,N/A,N/A
5,24,2026-02-07,Northwest Territories,35,2,35,1,0,0,0,0,1,35,8,N/A,N/A,N/A,N/A,N/A,N/A,35,1,35,1,35,5,N/A,N/A
5,24,2026-02-07,Nunavut,86,7,86,25,0,4,1,5,20,86,7,N/A,N/A,N/A,N/A,N/A,N/A,N/A,N/A,N/A,N/A,N/A,N/A,N/A,N/A
5,24,2026-02-07,Territories,180,10,166,40,2,11,1,17,23,166,16,N/A,N/A,N/A,N/A,N/A,N/A,35,1,35,1,35,5,N/A,N/A
5,24,2026-02-07,Canada,34992,1953,34682,2137,93,268,996,1547,590,32425,2664,9227,23,17,17,26,38,8865,103,9059,227,9502,644,8444,567
6,25,2026-02-14,Newfoundland and Labrador,402,6,359,61,2,53,6,61,0,359,8,359,0,2,0,1,0,359,3,359,25,359,15,359,34
6,25,2026-02-14,Prince Edward Island,190,5,179,57,0,0,28,28,29,179,8,21,0,0,0,0,0,21,1,21,6,21,2,21,4
6,25,2026-02-14,Nova Scotia,1413,58,1429,207,2,14,159,175,32,1429,97,36,1,0,0,0,0,36,1,36,0,36,5,36,2
6,25,2026-02-14,New Brunswick,1146,86,1099,84,5,3,73,81,3,1099,97,60,0,0,1,0,0,60,1,60,3,60,7,60,7
6,25,2026-02-14,Atlantic,3151,155,3066,409,9,70,266,345,64,3066,210,476,1,2,1,1,0,476,6,476,34,476,29,476,47
6,25,2026-02-14,Quebec,10176,517,9992,587,0,1,494,495,92,8022,845,1101,4,1,4,4,0,1118,34,1101,37,1196,71,1093,114
6,25,2026-02-14,Ontario,10774,776,10388,306,28,10,136,174,132,10485,827,4573,0,0,0,0,46,4119,32,4354,105,4713,204,3732,262
6,25,2026-02-14,Manitoba,1094,63,1007,12,0,0,7,7,5,1007,31,52,0,1,1,0,0,52,3,52,5,52,7,52,7
6,25,2026-02-14,Saskatchewan,1437,102,1430,60,1,2,16,19,41,1346,154,530,6,1,5,5,0,530,4,530,26,530,48,530,43
6,25,2026-02-14,Alberta,5107,209,4959,375,24,41,4,70,305,4698,458,1671,5,4,14,13,0,1671,12,1671,55,1671,141,1671,136
6,25,2026-02-14,Prairies,7638,374,7396,447,25,43,27,96,351,7051,643,2253,11,6,20,18,0,2253,19,2253,86,2253,196,2253,186
6,25,2026-02-14,British Columbia,3284,94,3707,234,19,64,2,173,61,3707,346,847,1,1,6,14,1,879,12,852,72,884,97,845,37
6,25,2026-02-14,Yukon,38,1,29,8,1,6,0,8,0,29,0,N/A,N/A,N/A,N/A,N/A,N/A,N/A,N/A,N/A,N/A,N/A,N/A,N/A,N/A
6,25,2026-02-14,Northwest Territories,38,0,38,0,0,0,0,0,0,38,2,N/A,N/A,N/A,N/A,N/A,N/A,38,0,38,2,38,6,N/A,N/A
6,25,2026-02-14,Nunavut,85,5,85,7,0,4,0,4,3,85,8,N/A,N/A,N/A,N/A,N/A,N/A,N/A,N/A,N/A,N/A,N/A,N/A,N/A,N/A
6,25,2026-02-14,Territories,161,6,152,15,1,10,0,12,3,152,10,N/A,N/A,N/A,N/A,N/A,N/A,38,0,38,2,38,6,N/A,N/A
6,25,2026-02-14,Canada,35184,1922,34701,1998,82,198,925,1295,703,32483,2881,9250,17,10,31,37,47,8883,103,9074,336,9560,603,8399,646
7,26,2026-02-21,Newfoundland and Labrador,405,14,362,43,1,40,1,42,1,362,17,362,0,0,4,2,0,362,2,362,26,362,10,362,31
7,26,2026-02-21,Prince Edward Island,209,7,207,42,0,0,13,13,29,207,23,25,0,0,2,0,0,25,1,25,3,25,3,25,1
7,26,2026-02-21,Nova Scotia,1492,55,1511,218,9,12,121,142,76,1511,93,49,0,0,1,0,0,49,0,49,0,49,6,49,4
7,26,2026-02-21,New Brunswick,1029,60,1033,50,1,2,42,45,5,1033,78,90,0,0,1,1,0,90,2,90,5,90,13,90,12
7,26,2026-02-21,Atlantic,3135,136,3113,353,11,54,177,242,111,3113,211,526,0,0,8,3,0,526,5,526,34,526,32,526,48
7,26,2026-02-21,Quebec,10211,492,10056,535,0,1,378,379,156,8137,836,1187,3,2,6,3,0,1202,42,1187,35,1253,86,1179,136
7,26,2026-02-21,Ontario,11103,843,10811,307,15,8,108,131,176,10894,809,4745,0,0,0,0,35,4199,35,4555,117,4896,234,3972,337
7,26,2026-02-21,Manitoba,718,67,1053,7,0,1,2,3,4,1053,22,75,0,0,0,0,0,75,0,75,6,75,4,75,7
7,26,2026-02-21,Saskatchewan,1389,81,1395,76,2,3,32,37,39,1318,156,462,1,1,3,3,0,462,3,462,33,462,24,462,54
7,26,2026-02-21,Alberta,5236,216,2933,186,13,14,1,28,158,4818,418,1761,16,1,11,11,0,1759,8,1758,64,1759,135,1761,180
7,26,2026-02-21,Prairies,7343,364,5381,269,15,18,35,68,201,7189,596,2298,17,2,14,14,0,2296,11,2295,103,2296,163,2298,241
7,26,2026-02-21,British Columbia,3202,118,3675,224,21,55,2,163,61,3675,335,897,7,5,6,13,0,924,12,900,63,929,90,888,47
7,26,2026-02-21,Yukon,42,0,34,5,0,2,0,4,1,34,0,N/A,N/A,N/A,N/A,N/A,N/A,N/A,N/A,N/A,N/A,N/A,N/A,N/A,N/A
7,26,2026-02-21,Northwest Territories,37,1,37,4,0,0,0,0,4,37,6,N/A,N/A,N/A,N/A,N/A,N/A,37,0,37,2,37,5,N/A,N/A
7,26,2026-02-21,Nunavut,66,5,66,0,0,0,0,0,0,66,1,N/A,N/A,N/A,N/A,N/A,N/A,N/A,N/A,N/A,N/A,N/A,N/A,N/A,N/A
7,26,2026-02-21,Territories,145,6,137,9,0,2,0,4,5,137,7,N/A,N/A,N/A,N/A,N/A,N/A,37,0,37,2,37,5,N/A,N/A
7,26,2026-02-21,Canada,35139,1959,33173,1697,62,138,700,987,710,33145,2794,9653,27,9,34,33,35,9184,105,9500,354,9937,610,8863,809
8,27,2026-02-28,Newfoundland and Labrador,450,3,392,28,1,26,1,28,0,392,18,392,1,3,0,1,0,392,2,392,20,392,8,392,49
8,27,2026-02-28,Prince Edward Island,172,5,172,22,0,0,4,4,18,172,17,8,0,0,0,0,0,8,0,8,1,8,0,8,2
8,27,2026-02-28,Nova Scotia,1522,54,1546,247,3,6,140,149,98,1546,74,51,2,0,1,1,0,51,2,51,0,51,5,51,7
8,27,2026-02-28,New Brunswick,1064,59,1057,58,1,2,35,38,20,1057,93,141,1,1,5,1,2,141,5,141,7,141,13,141,22
8,27,2026-02-28,Atlantic,3208,121,3167,355,5,34,180,219,136,3167,202,592,4,4,6,3,2,592,9,592,28,592,26,592,80
8,27,2026-02-28,Quebec,10142,418,9917,491,0,0,288,288,203,8127,885,1188,6,4,6,1,0,1203,37,1188,69,1257,67,1178,119
8,27,2026-02-28,Ontario,10943,786,10527,320,9,11,79,99,221,10637,788,4610,0,0,0,0,41,4129,29,4459,126,4782,197,3797,372
8,27,2026-02-28,Manitoba,1240,81,1110,12,0,1,7,8,4,1110,50,95,0,0,1,0,0,95,0,95,9,95,10,95,18
8,27,2026-02-28,Saskatchewan,1443,71,1440,70,3,8,9,20,50,1345,156,539,3,5,7,2,0,539,12,539,45,539,44,539,57
8,27,2026-02-28,Alberta,5301,178,1776,107,4,10,0,14,93,4769,364,1776,10,5,12,9,0,1776,10,1776,78,1776,105,1776,202
8,27,2026-02-28,Prairies,7984,330,4326,189,7,19,16,42,147,7224,570,2410,13,10,20,11,0,2410,22,2410,132,2410,159,2410,277
8,27,2026-02-28,British Columbia,3341,104,3759,309,36,70,0,214,95,3759,277,852,5,1,7,2,0,878,9,854,73,878,86,844,60
8,27,2026-02-28,Yukon,36,0,32,5,0,3,0,4,1,32,2,N/A,N/A,N/A,N/A,N/A,N/A,N/A,N/A,N/A,N/A,N/A,N/A,N/A,N/A
8,27,2026-02-28,Northwest Territories,30,0,30,3,0,0,0,0,3,30,3,N/A,N/A,N/A,N/A,N/A,N/A,30,0,30,0,30,3,N/A,N/A
8,27,2026-02-28,Nunavut,95,6,95,10,0,0,0,0,10,95,16,N/A,N/A,N/A,N/A,N/A,N/A,N/A,N/A,N/A,N/A,N/A,N/A,N/A,N/A
8,27,2026-02-28,Territories,161,6,157,18,0,3,0,4,14,157,21,N/A,N/A,N/A,N/A,N/A,N/A,30,0,30,0,30,3,N/A,N/A
8,27,2026-02-28,Canada,35779,1765,31853,1682,57,137,563,866,816,33071,2743,9652,28,19,39,17,43,9242,106,9533,428,9949,538,8821,908
9,28,2026-03-07,Newfoundland and Labrador,424,13,374,25,1,24,0,25,0,374,19,374,0,2,1,2,0,374,3,374,10,374,13,374,44
9,28,2026-03-07,Prince Edward Island,129,2,129,15,0,0,3,3,12,129,6,13,0,0,0,0,0,13,2,13,6,13,1,13,0
9,28,2026-03-07,Nova Scotia,1521,31,1536,240,1,6,110,117,123,1536,84,49,0,0,0,0,0,49,0,49,0,49,7,49,8
9,28,2026-03-07,New Brunswick,1057,21,1070,73,0,5,32,37,36,1070,101,137,0,0,4,1,1,137,6,137,15,137,14,137,13
9,28,2026-03-07,Atlantic,3131,67,3109,353,2,35,145,182,171,3109,210,573,0,2,5,3,1,573,11,573,31,573,35,573,65
9,28,2026-03-07,Quebec,9338,279,9231,453,0,0,219,219,234,7617,750,1151,1,0,3,4,0,1164,43,1150,72,1223,82,1146,127
9,28,2026-03-07,Ontario,10348,659,10083,333,11,5,50,66,267,10168,646,4484,0,0,0,0,52,4022,34,4346,141,4621,188,3753,324
9,28,2026-03-07,Manitoba,1230,57,1130,10,0,0,2,2,8,1130,55,101,0,0,4,0,0,101,1,101,17,101,5,101,15
9,28,2026-03-07,Saskatchewan,1402,53,1399,71,3,3,4,10,61,1304,136,519,1,0,13,1,0,519,2,519,62,519,38,519,69
9,28,2026-03-07,Alberta,5410,206,1813,102,2,7,1,10,92,4902,345,1813,6,5,16,16,0,1813,14,1812,93,1812,116,1813,189
9,28,2026-03-07,Prairies,8042,316,4342,183,5,10,7,22,161,7336,536,2433,7,5,33,17,0,2433,17,2432,172,2432,159,2433,273
9,28,2026-03-07,British Columbia,3293,100,3719,326,11,76,0,174,152,3719,269,809,2,4,3,8,0,842,15,813,74,832,80,804,70
9,28,2026-03-07,Yukon,21,0,17,2,0,1,0,1,1,17,1,N/A,N/A,N/A,N/A,N/A,N/A,N/A,N/A,N/A,N/A,N/A,N/A,N/A,N/A
9,28,2026-03-07,Northwest Territories,38,0,38,1,1,0,0,1,0,38,7,N/A,N/A,N/A,N/A,N/A,N/A,38,0,38,2,38,1,N/A,N/A
9,28,2026-03-07,Nunavut,95,2,95,0,0,0,0,0,0,95,13,N/A,N/A,N/A,N/A,N/A,N/A,N/A,N/A,N/A,N/A,N/A,N/A,N/A,N/A
9,28,2026-03-07,Territories,154,2,150,3,1,1,0,2,1,150,21,N/A,N/A,N/A,N/A,N/A,N/A,38,0,38,2,38,1,N/A,N/A
9,28,2026-03-07,Canada,34306,1423,30634,1651,30,127,421,665,986,32099,2432,9450,10,11,44,32,53,9072,120,9352,492,9719,545,8709,859
10,29,2026-03-14,Newfoundland and Labrador,489,11,465,29,1,28,0,29,0,465,22,465,0,0,0,1,0,465,3,465,41,465,9,465,69
10,29,2026-03-14,Prince Edward Island,218,6,216,34,0,0,0,0,34,216,17,18,0,0,1,0,0,18,1,18,4,18,2,18,3
10,29,2026-03-14,Nova Scotia,1533,26,1555,292,1,8,91,100,192,1555,91,53,0,0,0,0,0,53,0,53,2,53,2,53,4
10,29,2026-03-14,New Brunswick,1135,31,1128,72,0,4,24,28,44,1128,110,144,1,0,6,0,1,144,3,144,11,144,14,144,19
10,29,2026-03-14,Atlantic,3375,74,3364,427,2,40,115,157,270,3364,240,680,1,0,7,1,1,680,7,680,58,680,27,680,95
10,29,2026-03-14,Quebec,9115,273,8977,360,0,0,147,147,213,7405,663,1045,2,4,9,0,0,1046,31,1045,88,1106,63,1045,73
10,29,2026-03-14,Ontario,10852,627,10548,407,6,7,44,57,350,10619,654,4689,0,0,0,0,73,4198,39,4531,162,4788,196,3925,296
10,29,2026-03-14,Manitoba,1156,44,1071,15,0,0,3,3,12,1071,44,100,0,2,3,1,0,100,4,100,18,100,10,100,7
10,29,2026-03-14,Saskatchewan,1481,52,1487,103,2,0,5,7,96,1373,126,546,2,3,11,3,0,546,8,546,49,546,34,546,64
10,29,2026-03-14,Alberta,5153,140,1774,140,1,7,0,8,132,4651,318,1774,14,2,10,9,0,1774,9,1773,98,1774,131,1774,174
10,29,2026-03-14,Prairies,7790,236,4332,258,3,7,8,18,240,7095,488,2420,16,7,24,13,0,2420,21,2419,165,2420,175,2420,245
10,29,2026-03-14,British Columbia,3170,85,3557,230,21,29,0,90,140,3557,211,797,3,2,6,6,0,821,16,802,69,831,83,790,67
10,29,2026-03-14,Yukon,48,0,39,12,2,0,0,9,3,38,1,N/A,N/A,N/A,N/A,N/A,N/A,N/A,N/A,N/A,N/A,N/A,N/A,N/A,N/A
10,29,2026-03-14,Northwest Territories,54,1,54,2,0,0,0,0,2,54,15,N/A,N/A,N/A,N/A,N/A,N/A,54,3,54,0,54,3,N/A,N/A
10,29,2026-03-14,Nunavut,77,0,77,15,0,0,0,0,15,77,16,N/A,N/A,N/A,N/A,N/A,N/A,N/A,N/A,N/A,N/A,N/A,N/A,N/A,N/A
10,29,2026-03-14,Territories,179,1,170,29,2,0,0,9,20,169,32,N/A,N/A,N/A,N/A,N/A,N/A,54,3,54,0,54,3,N/A,N/A
10,29,2026-03-14,Canada,34481,1296,30948,1711,34,83,314,478,1233,32209,2288,9631,22,13,46,20,74,9219,117,9531,542,9879,547,8860,776
11,30,2026-03-21,Newfoundland and Labrador,518,14,474,25,0,21,0,21,4,474,31,474,2,1,4,1,0,474,3,474,37,474,18,474,66
11,30,2026-03-21,Prince Edward Island,155,4,154,25,0,1,2,3,22,154,17,11,0,1,1,0,0,11,0,11,0,11,3,11,4
11,30,2026-03-21,Nova Scotia,1459,15,1472,240,0,1,59,60,180,1472,81,30,0,0,0,0,0,30,0,30,1,30,2,30,3
11,30,2026-03-21,New Brunswick,1021,21,1029,92,0,2,9,11,81,1029,90,110,0,0,4,1,0,110,6,110,10,110,13,110,17
11,30,2026-03-21,Atlantic,3153,54,3129,382,0,25,70,95,287,3129,219,625,2,2,9,2,0,625,9,625,48,625,36,625,90
11,30,2026-03-21,Quebec,8287,205,8160,287,0,0,92,92,195,6772,522,940,0,1,13,0,0,940,26,940,79,1017,59,940,66
11,30,2026-03-21,Ontario,10134,531,10037,370,1,2,34,37,333,10015,484,4421,0,0,0,0,55,3981,53,4224,157,4511,208,3668,288
11,30,2026-03-21,Manitoba,1188,31,1089,24,0,0,1,1,23,1089,46,94,1,0,3,0,0,94,0,94,9,94,9,94,15
11,30,2026-03-21,Saskatchewan,1485,32,1490,159,3,1,6,10,149,1366,131,568,1,1,21,4,0,568,5,568,67,568,26,568,76
11,30,2026-03-21,Alberta,5159,97,1768,182,4,1,0,5,177,4694,264,1768,21,7,23,13,0,1768,9,1767,110,1768,119,1768,160
11,30,2026-03-21,Prairies,7832,160,4347,365,7,2,7,16,349,7149,441,2430,23,8,47,17,0,2430,14,2429,186,2430,154,2430,251
11,30,2026-03-21,British Columbia,3006,53,3421,256,8,15,1,81,175,3421,208,835,2,0,9,4,0,860,20,837,75,874,75,829,73
11,30,2026-03-21,Yukon,59,0,47,20,6,1,0,13,7,46,3,N/A,N/A,N/A,N/A,N/A,N/A,N/A,N/A,N/A,N/A,N/A,N/A,N/A,N/A
11,30,2026-03-21,Northwest Territories,40,0,40,8,0,2,0,2,6,40,10,N/A,N/A,N/A,N/A,N/A,N/A,40,1,40,0,40,1,N/A,N/A
11,30,2026-03-21,Nunavut,85,1,85,10,0,1,0,1,9,85,14,N/A,N/A,N/A,N/A,N/A,N/A,N/A,N/A,N/A,N/A,N/A,N/A,N/A,N/A
11,30,2026-03-21,Territories,184,1,172,38,6,4,0,16,22,171,27,N/A,N/A,N/A,N/A,N/A,N/A,40,1,40,0,40,1,N/A,N/A
11,30,2026-03-21,Canada,32596,1004,29266,1698,22,48,204,337,1361,30657,1901,9251,27,11,78,23,55,8876,123,9095,545,9497,533,8492,768
12,31,2026-03-28,Newfoundland and Labrador,389,19,379,22,0,5,0,5,17,379,27,379,1,0,1,1,0,379,1,379,25,379,21,379,55
12,31,2026-03-28,Prince Edward Island,157,4,157,24,0,0,2,2,22,157,13,10,0,0,0,0,0,10,1,10,2,10,2,10,1
12,31,2026-03-28,Nova Scotia,1411,9,1426,178,0,0,25,25,153,1426,64,45,1,0,0,1,0,45,0,45,2,45,5,45,3
12,31,2026-03-28,New Brunswick,1098,24,1102,156,0,1,10,11,145,1102,86,133,0,1,3,1,1,133,7,133,14,133,12,133,15
12,31,2026-03-28,Atlantic,3055,56,3064,380,0,6,37,43,337,3064,190,567,2,1,4,3,1,567,9,567,43,567,40,567,74
12,31,2026-03-28,Quebec,8196,195,8087,305,0,0,72,72,233,6871,448,935,2,1,13,1,0,935,36,935,85,1008,76,935,62
12,31,2026-03-28,Ontario,9517,445,9295,377,5,3,39,47,330,9237,405,3989,0,0,0,0,50,3602,31,3893,160,4149,211,3273,182
12,31,2026-03-28,Manitoba,1194,42,1094,34,0,0,1,1,33,1094,50,102,0,0,1,1,0,102,1,102,15,102,6,102,9
12,31,2026-03-28,Saskatchewan,1530,26,1503,195,0,0,4,4,191,1383,109,519,1,1,14,0,0,519,9,519,51,519,25,519,48
12,31,2026-03-28,Alberta,3983,57,1003,87,3,1,0,4,83,3034,113,963,10,0,18,8,0,1003,5,1003,59,1003,71,963,78
12,31,2026-03-28,Prairies,6707,125,3600,316,3,1,5,9,307,5511,272,1584,11,1,33,9,0,1624,15,1624,125,1624,102,1584,135
12,31,2026-03-28,British Columbia,2762,50,2988,186,1,4,0,46,140,2988,180,642,0,1,13,1,0,657,14,642,53,669,48,639,55
12,31,2026-03-28,Yukon,38,1,28,5,1,0,0,4,1,28,1,N/A,N/A,N/A,N/A,N/A,N/A,N/A,N/A,N/A,N/A,N/A,N/A,N/A,N/A
12,31,2026-03-28,Northwest Territories,26,0,26,4,0,0,0,0,4,26,9,N/A,N/A,N/A,N/A,N/A,N/A,26,0,26,1,26,0,N/A,N/A
12,31,2026-03-28,Nunavut,72,1,72,7,0,0,0,0,7,72,18,N/A,N/A,N/A,N/A,N/A,N/A,N/A,N/A,N/A,N/A,N/A,N/A,N/A,N/A
12,31,2026-03-28,Territories,136,2,126,16,1,0,0,4,12,126,28,N/A,N/A,N/A,N/A,N/A,N/A,26,0,26,1,26,0,N/A,N/A
12,31,2026-03-28,Canada,30373,873,27160,1580,10,14,153,221,1359,27797,1523,7717,15,4,63,14,51,7411,105,7687,467,8043,477,6998,508